{
    "$schema": "https://schema.management.azure.com/schemas/2019-04-01/deploymentTemplate.json#",
    "contentVersion": "1.0.0.0",
    "parameters": {
        "adminUsername": {
            "type": "string",
            "defaultValue": "poc-linux-user01"
        },
        "adminPassword": {
            "type": "securestring"
        },
        "vmSize": {
            "type": "string",
            "defaultValue":"Standard_D2_v3"
        },
        "vmUb18Count": {
            "type": "int",
            "defaultValue":2
        },
         "vmUb16Count": {
            "type": "int",
            "defaultValue":1
        },
        "imgVersionUb18": {
            "type": "string",
            "defaultValue": "latest"
        },
        "imgVersionUb16": {
            "type": "string",
            "defaultValue": "latest"
        },
        "deployTime": {
            "type": "string",
            "defaultValue":"[utcNow()]"
        }
    },
    "variables": {  

        "resourceGroupValues":"[split(resourceGroup().name,'-')]",
        "uniqueValue":"[variables('resourceGroupValues')[3]]",
        "workspaceName":"[concat('PoC-AAUM-Workspace-',variables('uniqueValue'))]",
        "workspaceRGName":"[concat('PoC-AAUM-Mgmt-',variables('uniqueValue'),'-RG')]",
        "vnetRGName":"[concat('PoC-AAUM-Network-',variables('uniqueValue'),'-RG')]",
        "vnetName":"[concat('PoC-AAUM-Network-',variables('uniqueValue'))]",
        "subnetName":"PoC-AAUM-VMS-Subnet01",
        "vmUb18BaseName": "[concat('poc-ub18-',substring(uniqueString(resourceGroup().id,parameters('deployTime')),1,3))]",
        "vmUb16BaseName":  "[concat('poc-ub16-',substring(uniqueString(resourceGroup().id,parameters('deployTime')),1,3))]",
        "vmUb18Nic":"[concat(variables('vmUb18BaseName'), '-nic')]" ,
        "vmUb16Nic":"[concat(variables('vmUb16BaseName'), '-nic')]",
        "subnetRef": "[resourceId(variables('vnetRGName'),'Microsoft.Network/virtualNetworks/subnets',variables('vnetName'),variables('subnetName'))]",
        "tagName": "PoC-AAUM-Lifecycle",
        "tagValue": "DevTest"
    },
    "resources": [
        {
            "condition":"[greater(parameters('vmUb18Count'),0)]",
            "name": "[concat(variables('vmUb18Nic'), copyIndex(1))]",
            "type": "Microsoft.Network/networkInterfaces",
            "apiVersion": "2019-07-01",
            "location": "[resourceGroup().location]",
            "properties": {
                "ipConfigurations": [
                    {
                        "name": "ipconfig1",
                        "properties": {
                            "subnet": {
                                "id": "[variables('subnetRef')]"
                            },
                            "privateIPAllocationMethod": "Dynamic"
                        }
                    }
                ]
            },
            "copy": {
                "name":"nicCopy",
                "count": "[parameters('vmUb18Count')]"
            }
        },
        {
            "condition":"[greater(parameters('vmUb16Count'),0)]",
            "name": "[concat(variables('vmUb16Nic'), copyIndex(1))]",
            "type": "Microsoft.Network/networkInterfaces",
            "apiVersion": "2019-07-01",
            "location": "[resourceGroup().location]",
            "properties": {
                "ipConfigurations": [
                    {
                        "name": "ipconfig1",
                        "properties": {
                            "subnet": {
                                "id": "[variables('subnetRef')]"
                            },
                            "privateIPAllocationMethod": "Dynamic"
                        }
                    }
                ]
            },
            "copy": {
                "name":"nicCopy",
                "count": "[parameters('vmUb16Count')]"
            }
        },
        {
            "condition":"[greater(parameters('vmUb18Count'),0)]",
            "name": "[concat(variables('vmUb18BaseName'),copyIndex(1))]",
            "type": "Microsoft.Compute/virtualMachines",
            "apiVersion": "2019-07-01",
            "location": "[resourceGroup().location]",
            "dependsOn": [
                "[concat('Microsoft.Network/networkInterfaces/', concat(variables('vmUb18Nic'),copyIndex(1)))]"
            ],
              "tags": {
                "[variables('tagName')]": "[variables('tagValue')]"
            },
            "properties": {
                "hardwareProfile": {
                    "vmSize":"[parameters('vmSize')]"
                },
                "storageProfile": {
                    "osDisk": {
                        "createOption": "fromImage",
                        "managedDisk": {
                            "storageAccountType": "Standard_LRS"
                        }
                    },
                    "imageReference": {
                        "publisher": "Canonical",
                        "offer": "UbuntuServer",
                        "sku": "18.04-LTS",
                        "version": "[parameters('imgVersionUb18')]"
                    }
                },
                "networkProfile": {
                    "networkInterfaces": [
                        {
                            "id": "[resourceId('Microsoft.Network/networkInterfaces', concat(variables('vmUb18Nic'),copyIndex(1)))]"
                        }
                    ]
                },
                "osProfile": {
                    "computerName": "[concat(variables('vmUb18BaseName'),copyIndex(1))]",
                    "adminUsername": "[parameters('adminUsername')]",
                    "adminPassword": "[parameters('adminPassword')]"
                }
            },
            "copy": {
                "name":"vmCopy",
                "count":"[parameters('vmUb18Count')]"
            }
        },
        {
            "condition":"[greater(parameters('vmUb16Count'),0)]",
            "name": "[concat(variables('vmUb16BaseName'),copyIndex(1))]",
            "type": "Microsoft.Compute/virtualMachines",
            "apiVersion": "2019-07-01",
            "location": "[resourceGroup().location]",
            "dependsOn": [
                "[concat('Microsoft.Network/networkInterfaces/', concat(variables('vmUb16Nic'),copyIndex(1)))]"
            ],
              "tags": {
                "[variables('tagName')]": "[variables('tagValue')]"
            },
            "properties": {
                "hardwareProfile": {
                    "vmSize":"[parameters('vmSize')]"
                },
                "storageProfile": {
                    "osDisk": {
                        "createOption": "fromImage",
                        "managedDisk": {
                            "storageAccountType": "Standard_LRS"
                        }
                    },
                    "imageReference": {
                        "publisher": "Canonical",
                        "offer": "UbuntuServer",
                        "sku": "16.04-LTS",
                        "version": "[parameters('imgVersionUb16')]"
                    }
                },
                "networkProfile": {
                    "networkInterfaces": [
                        {
                            "id": "[resourceId('Microsoft.Network/networkInterfaces', concat(variables('vmUb16Nic'),copyIndex(1)))]"
                        }
                    ]
                },
                "osProfile": {
                    "computerName": "[concat(variables('vmUb16BaseName'),copyIndex(1))]",
                    "adminUsername": "[parameters('adminUsername')]",
                    "adminPassword": "[parameters('adminPassword')]"
                }
            },
            "copy": {
                "name":"vmCopy",
                "count":"[parameters('vmUb16Count')]"
            }
        },
        {
            "condition":"[greater(parameters('vmUb18Count'),0)]",
            "type": "Microsoft.Compute/virtualMachines/extensions",
            "name": "[concat(variables('vmUb18BaseName'), copyIndex(1), '/', 'OMSExtension')]",
            "apiVersion": "2019-07-01",
            "location": "[resourceGroup().location]",
            "dependsOn": [
                "[concat('Microsoft.Compute/virtualMachines/', variables('vmUb18BaseName'),copyIndex(1))]"
            ],
            "properties": {
                "publisher": "Microsoft.EnterpriseCloud.Monitoring",
                "type": "OmsAgentForLinux",
                "autoUpgradeMinorVersion": true,
                "typeHandlerVersion": "1.0",
                "settings": {
                    "workspaceId": "[reference(resourceId(variables('workspaceRGName'),'Microsoft.OperationalInsights/workspaces/', variables('workspaceName')), '2015-03-20').customerId]"
                },
                "protectedSettings": {
                    "workspaceKey": "[listKeys(resourceId(variables('workspaceRGName'),'Microsoft.OperationalInsights/workspaces/', variables('workspaceName')), '2015-03-20').primarySharedKey]"
                }
            },
            "copy": {
                "name":"agentCopy",
                "count": "[parameters('vmUb18Count')]"
            }
        },
        {
            "condition":"[greater(parameters('vmUb16Count'),0)]",
            "type": "Microsoft.Compute/virtualMachines/extensions",
            "name": "[concat(variables('vmUb16BaseName'), copyIndex(1), '/', 'OMSExtension')]",
            "apiVersion": "2019-07-01",
            "location": "[resourceGroup().location]",
            "dependsOn": [
                "[concat('Microsoft.Compute/virtualMachines/', variables('vmUb16BaseName'),copyIndex(1))]"
            ],
            "properties": {
                "publisher": "Microsoft.EnterpriseCloud.Monitoring",
                "type": "OmsAgentForLinux",
                "autoUpgradeMinorVersion": true,
                "typeHandlerVersion": "1.0",
                "settings": {
                    "workspaceId": "[reference(resourceId(variables('workspaceRGName'),'Microsoft.OperationalInsights/workspaces/', variables('workspaceName')), '2015-03-20').customerId]"
                },
                "protectedSettings": {
                    "workspaceKey": "[listKeys(resourceId(variables('workspaceRGName'),'Microsoft.OperationalInsights/workspaces/', variables('workspaceName')), '2015-03-20').primarySharedKey]"
                }
            },
            "copy": {
                "name":"agentCopy",
                "count": "[parameters('vmUb16Count')]"
            }
        }
    ],
    "outputs": {}
}