{
    "$schema": "https://schema.management.azure.com/schemas/2019-04-01/deploymentTemplate.json#",
    "contentVersion": "1.0.0.0",
    "parameters": {
        "adminUsername": {
            "type": "string",
            "defaultValue":"poc-win-user01"
        },
        "adminPassword": {
            "type": "securestring"
        },
        "vm2012Count": {
            "type": "int",
             "defaultValue": 1
        },
        "vm2016Count": {
            "type": "int",
             "defaultValue": 2
        },
        "vm2019Count": {
            "type": "int",
             "defaultValue": 1
        },
        "imgVersion2012": {
            "type": "string",
            "defaultValue": "latest"
        },
        "imgVersion2016": {
            "type": "string",
            "defaultValue": "latest"
        },
        "imgVersion2019": {
            "type": "string",
            "defaultValue": "latest"
        },
        "vmSize": {
            "type": "string",
            "defaultValue":"Standard_D2_v3"
        },
        "deployTime": {
            "type": "string",
            "defaultValue":"[utcNow()]"
        }
    },
    "variables": {  

 
        "resourceGroupValues":"[split(resourceGroup().name,'-')]",
        "uniqueValue":"[variables('resourceGroupValues')[3]]",
        "workspaceName":"[concat('PoC-AAUM-Workspace-',variables('uniqueValue'))]",
        "workspaceRGName":"[concat('PoC-AAUM-Mgmt-',variables('uniqueValue'),'-RG')]",
        "vnetRGName":"[concat('PoC-AAUM-Network-',variables('uniqueValue'),'-RG')]",
        "vnetName":"[concat('PoC-AAUM-Network-',variables('uniqueValue'))]",
        "subnetName":"PoC-AAUM-VMS-Subnet01",
        "subnetRef": "[resourceId(variables('vnetRGName'),'Microsoft.Network/virtualNetworks/subnets',variables('vnetName'),variables('subnetName'))]",
        "vm2012BaseName":"[concat('poc-win12-',substring(uniqueString(subscription().id,parameters('deployTime')),1,4))]",
        "vm2016BaseName":"[concat('poc-win16-',substring(uniqueString(subscription().id,parameters('deployTime')),1,4))]",
        "vm2019BaseName":"[concat('poc-win19-',substring(uniqueString(subscription().id,parameters('deployTime')),1,4))]",
        "vm2012sku":"2012-R2-Datacenter-smalldisk",
        "vm2016sku":"2016-Datacenter-smalldisk",
        "vm2019sku": "2019-Datacenter-smalldisk",
        "vm2012NicBase": "[concat(variables('vm2012BaseName'), '-nic')]",
        "vm2016NicBase": "[concat(variables('vm2016BaseName'), '-nic')]",
        "vm2019NicBase": "[concat(variables('vm2019BaseName'), '-nic')]",
        "tagName": "PoC-AAUM-Lifecycle",
        "tagValue": "DevTest"
    },
    "resources": [
        {
            "condition": "[greater(parameters('vm2012Count'),0)]",
            "name": "[concat(variables('vm2012NicBase'),copyIndex(1))]",
            "type": "Microsoft.Network/networkInterfaces",
            "apiVersion": "2019-07-01",
            "location": "[resourceGroup().location]",
            "properties": {
                "ipConfigurations": [
                    {
                        "name": "ipconfig1",
                        "properties": {
                            "subnet": {
                                "id": "[variables('subnetRef')]"
                            },
                            "privateIPAllocationMethod": "Dynamic"
                        }
                    }
                ]
            },
            "copy": {
                "name": "nicCopy",
                "count":"[parameters('vm2012Count')]"
            }
        },
        {   
            "condition": "[greater(parameters('vm2016Count'),0)]",
            "name": "[concat(variables('vm2016NicBase'),copyIndex(1))]",
            "type": "Microsoft.Network/networkInterfaces",
            "apiVersion": "2019-07-01",
            "location": "[resourceGroup().location]",
            "properties": {
                "ipConfigurations": [
                    {
                        "name": "ipconfig1",
                        "properties": {
                            "subnet": {
                                "id": "[variables('subnetRef')]"
                            },
                            "privateIPAllocationMethod": "Dynamic"
                        }
                    }
                ]
            },
            "copy": {
                "name": "nicCopy",
                "count":"[parameters('vm2016Count')]"
            }
        },
        {
            "condition": "[greater(parameters('vm2019Count'),0)]",
            "name": "[concat(variables('vm2019NicBase'),copyIndex(1))]",
            "type": "Microsoft.Network/networkInterfaces",
            "apiVersion": "2019-07-01",
            "location": "[resourceGroup().location]",
            "properties": {
                "ipConfigurations": [
                    {
                        "name": "ipconfig1",
                        "properties": {
                            "subnet": {
                                "id": "[variables('subnetRef')]"
                            },
                            "privateIPAllocationMethod": "Dynamic"
                        }
                    }
                ]
            },
            "copy": {
                "name": "nicCopy",
                "count":"[parameters('vm2019Count')]"
            }
        },
        {
            "condition": "[greater(parameters('vm2012Count'),0)]",
            "name": "[concat(variables('vm2012BaseName'),copyIndex(1))]",
            "type": "Microsoft.Compute/virtualMachines",
            "apiVersion": "2019-07-01",
            "location": "[resourceGroup().location]",
            "tags": {
                "[variables('tagName')]": "[variables('tagValue')]"
            }
            ,
            "dependsOn": [
                "[concat('Microsoft.Network/networkInterfaces/', variables('vm2012NicBase'), copyIndex(1))]"
            ],
            "properties": {
                "hardwareProfile": {
                    "vmSize": "[parameters('vmSize')]"
                },
                "storageProfile": {
                    "osDisk": {
                        "createOption": "fromImage",
                        "managedDisk": {
                            "storageAccountType": "Standard_LRS"
                        }
                    },

                    "imageReference": {
                        "publisher": "MicrosoftWindowsServer",
                        "offer": "WindowsServer",
                        "sku": "[variables('vm2012sku')]",
                        "version": "[parameters('imgVersion2012')]"
                    }
                },
                "networkProfile": {
                    "networkInterfaces": [
                        {
                            "id": "[resourceId('Microsoft.Network/networkInterfaces', concat(variables('vm2012NicBase'),copyIndex(1)))]"
                        }
                    ]
                },
                "osProfile": {
                    "computerName": "[concat(variables('vm2012BaseName'),copyIndex(1))]",
                    "adminUsername": "[parameters('adminUsername')]",
                    "adminPassword": "[parameters('adminPassword')]",
                    "windowsConfiguration": {
                        "provisionVmAgent": true,
                        "enableAutomaticUpdates": false
                    }
                }
            },
            "copy": {
                "name":"vmCopy",
                "count":"[parameters('vm2012Count')]"
            }
        },
        {
            "condition": "[greater(parameters('vm2016Count'),0)]",
            "name": "[concat(variables('vm2016BaseName'),copyIndex(1))]",
            "type": "Microsoft.Compute/virtualMachines",
            "apiVersion": "2019-07-01",
            "location": "[resourceGroup().location]",
            "dependsOn": [
                "[concat('Microsoft.Network/networkInterfaces/', variables('vm2016NicBase'), copyIndex(1))]"
            ],
               "tags": {
                "[variables('tagName')]": "[variables('tagValue')]"
            },
            "properties": {
                "hardwareProfile": {
                    "vmSize": "[parameters('vmSize')]"
                },
                "storageProfile": {
                    "osDisk": {
                        "createOption": "fromImage",
                        "managedDisk": {
                            "storageAccountType": "Standard_LRS"
                        }
                    },

                    "imageReference": {
                        "publisher": "MicrosoftWindowsServer",
                        "offer": "WindowsServer",
                        "sku": "[variables('vm2016sku')]",
                        "version": "[parameters('imgVersion2016')]"
                    }
                },
                "networkProfile": {
                    "networkInterfaces": [
                        {
                            "id": "[resourceId('Microsoft.Network/networkInterfaces', concat(variables('vm2016NicBase'),copyIndex(1)))]"
                        }
                    ]
                },
                "osProfile": {
                    "computerName": "[concat(variables('vm2016BaseName'),copyIndex(1))]",
                    "adminUsername": "[parameters('adminUsername')]",
                    "adminPassword": "[parameters('adminPassword')]",
                    "windowsConfiguration": {
                        "provisionVmAgent": true,
                        "enableAutomaticUpdates": false
                    }
                }
            },
            "copy": {
                "name":"vmCopy",
                "count":"[parameters('vm2016Count')]"
            }
        },
        {
            "condition": "[greater(parameters('vm2019Count'),0)]",
            "name": "[concat(variables('vm2019BaseName'),copyIndex(1))]",
            "type": "Microsoft.Compute/virtualMachines",
            "apiVersion": "2019-07-01",
            "location": "[resourceGroup().location]",
            "dependsOn": [
                "[concat('Microsoft.Network/networkInterfaces/', variables('vm2019NicBase'), copyIndex(1))]"
            ],
               "tags": {
                "[variables('tagName')]": "[variables('tagValue')]"
            },
            "properties": {
                "hardwareProfile": {
                    "vmSize": "[parameters('vmSize')]"
                },
                "storageProfile": {
                    "osDisk": {
                        "createOption": "fromImage",
                        "managedDisk": {
                            "storageAccountType": "Standard_LRS"
                        }
                    },

                    "imageReference": {
                        "publisher": "MicrosoftWindowsServer",
                        "offer": "WindowsServer",
                        "sku": "[variables('vm2019sku')]",
                        "version": "[parameters('imgVersion2019')]"
                    }
                },
                "networkProfile": {
                    "networkInterfaces": [
                        {
                            "id": "[resourceId('Microsoft.Network/networkInterfaces', concat(variables('vm2019NicBase'),copyIndex(1)))]"
                        }
                    ]
                },
                "osProfile": {
                    "computerName": "[concat(variables('vm2019BaseName'),copyIndex(1))]",
                    "adminUsername": "[parameters('adminUsername')]",
                    "adminPassword": "[parameters('adminPassword')]",
                    "windowsConfiguration": {
                        "provisionVmAgent": true,
                        "enableAutomaticUpdates": false
                    }
                }
            },
            "copy": {
                "name":"vmCopy",
                "count":"[parameters('vm2019Count')]"
            }
        },
       {

        "condition": "[and(greater(parameters('vm2012Count'),0),equals(mod(copyIndex(1),2),0))]",
        "type": "Microsoft.Compute/virtualMachines/extensions",
        "name": "[concat(variables('vm2012BaseName'),copyIndex(1),'/','OMSExtension')]",
        "apiVersion": "2019-07-01",
        "location": "[resourceGroup().location]",
        "dependsOn": [
            "[concat('Microsoft.Compute/virtualMachines/', variables('vm2012BaseName'),copyIndex(1))]"
        ],
        "properties": {
            "publisher": "Microsoft.EnterpriseCloud.Monitoring",
            "type": "MicrosoftMonitoringAgent",
            "typeHandlerVersion": "1.0",
            "autoUpgradeMinorVersion": true,
            "settings": {
                "workspaceId": "[reference(resourceId(variables('workspaceRGName'),'Microsoft.OperationalInsights/workspaces/', variables('workspaceName')), '2015-03-20').customerId]"
            },
            "protectedSettings": {
                "workspaceKey": "[listKeys(resourceId(variables('workspaceRGName'),'Microsoft.OperationalInsights/workspaces/', variables('workspaceName')), '2015-03-20').primarySharedKey]"
            }
        },
        "copy": {
            "name": "agentCopy",
            "count": "[parameters('vm2012Count')]"
        }
    },
     {
        "condition": "[and(greater(parameters('vm2016Count'),0),equals(mod(copyIndex(1),2),0))]",
        "type": "Microsoft.Compute/virtualMachines/extensions",
        "name": "[concat(variables('vm2016BaseName'),copyIndex(1),'/','OMSExtension')]",
        "apiVersion": "2019-07-01",
        "location": "[resourceGroup().location]",
        "dependsOn": [
            "[concat('Microsoft.Compute/virtualMachines/', variables('vm2016BaseName'),copyIndex(1))]"
        ],
        "properties": {
            "publisher": "Microsoft.EnterpriseCloud.Monitoring",
            "type": "MicrosoftMonitoringAgent",
            "typeHandlerVersion": "1.0",
            "autoUpgradeMinorVersion": true,
            "settings": {
                "workspaceId": "[reference(resourceId(variables('workspaceRGName'),'Microsoft.OperationalInsights/workspaces/', variables('workspaceName')), '2015-03-20').customerId]"
            },
            "protectedSettings": {
               "workspaceKey": "[listKeys(resourceId(variables('workspaceRGName'),'Microsoft.OperationalInsights/workspaces/', variables('workspaceName')), '2015-03-20').primarySharedKey]"
            }
        },
        "copy": {
            "name": "agentCopy",
            "count": "[parameters('vm2016Count')]"
        }
    },
     {
        "condition": "[and(greater(parameters('vm2019Count'),0),equals(mod(copyIndex(1),2),0))]",
        "type": "Microsoft.Compute/virtualMachines/extensions",
        "name": "[concat(variables('vm2019BaseName'),copyIndex(1),'/','OMSExtension')]",
        "apiVersion": "2019-07-01",
        "location": "[resourceGroup().location]",
        "dependsOn": [
            "[concat('Microsoft.Compute/virtualMachines/', variables('vm2019BaseName'),copyIndex(1))]"
        ],
        "properties": {
            "publisher": "Microsoft.EnterpriseCloud.Monitoring",
            "type": "MicrosoftMonitoringAgent",
            "typeHandlerVersion": "1.0",
            "autoUpgradeMinorVersion": true,
            "settings": {
                 "workspaceId": "[reference(resourceId(variables('workspaceRGName'),'Microsoft.OperationalInsights/workspaces/', variables('workspaceName')), '2015-03-20').customerId]"
            },
            "protectedSettings": {
                "workspaceKey": "[listKeys(resourceId(variables('workspaceRGName'),'Microsoft.OperationalInsights/workspaces/', variables('workspaceName')), '2015-03-20').primarySharedKey]"
            }
        },
        "copy": {
            "name": "agentCopy",
            "count": "[parameters('vm2019Count')]"
        }
    },
    {
        "condition": "[greater(parameters('vm2012Count'),0)]",
        "name": "[concat(variables('vm2012BaseName'), copyIndex(1), '/', 'customScript1')]",
        "type": "Microsoft.Compute/virtualMachines/extensions",
        "apiVersion": "2019-07-01",
        "location": "[resourceGroup().location]",
        "tags": {
            "displayName": "customScript1 for Windows VM"
        },
        "dependsOn": [
            "[concat('Microsoft.Compute/virtualMachines/',variables('vm2012BaseName'), copyIndex(1) )]"
        ],
        "properties": {
            "publisher": "Microsoft.Compute",
            "type": "CustomScriptExtension",
            "typeHandlerVersion": "1.10",
            "autoUpgradeMinorVersion": true,
            "settings": {
                "fileUris": [
                    "[concat('https://raw.githubusercontent.com/jjonesms/aaum/master/aaum/', 'Scripts/Enable-WindowsAndMSUpdates.ps1')]"
                ]
            },
            "protectedSettings": {
                "commandToExecute": "powershell -ExecutionPolicy Bypass -file Enable-WindowsAndMSUpdates.ps1"
            }
        },
        "copy": {
            "name": "scriptCopy",
            "count": "[parameters('vm2012Count')]"
        }
    },
    {
        "condition": "[greater(parameters('vm2016Count'),0)]",
        "name": "[concat(variables('vm2016BaseName'), copyIndex(1), '/', 'customScript1')]",
        "type": "Microsoft.Compute/virtualMachines/extensions",
        "apiVersion": "2019-07-01",
        "location": "[resourceGroup().location]",
        "tags": {
            "displayName": "customScript1 for Windows VM"
        },
        "dependsOn": [
            "[concat('Microsoft.Compute/virtualMachines/',variables('vm2016BaseName'), copyIndex(1) )]"
        ],
        "properties": {
            "publisher": "Microsoft.Compute",
            "type": "CustomScriptExtension",
            "typeHandlerVersion": "1.10",
            "autoUpgradeMinorVersion": true,
            "settings": {
                "fileUris": [
                    "[concat('https://raw.githubusercontent.com/jjonesms/aaum/master/aaum/', 'Scripts/Enable-WindowsAndMSUpdates.ps1')]"
                ]
            },
            "protectedSettings": {
                "commandToExecute": "powershell -ExecutionPolicy Bypass -file Enable-WindowsAndMSUpdates.ps1"
            }
        },
        "copy": {
            "name": "scriptCopy",
            "count": "[parameters('vm2016Count')]"
        }
    },
    {
        "condition": "[greater(parameters('vm2019Count'),0)]",
        "name": "[concat(variables('vm2019BaseName'), copyIndex(1), '/', 'customScript1')]",
        "type": "Microsoft.Compute/virtualMachines/extensions",
        "apiVersion": "2019-07-01",
        "location": "[resourceGroup().location]",
        "tags": {
            "displayName": "customScript1 for Windows VM"
        },
        "dependsOn": [
            "[concat('Microsoft.Compute/virtualMachines/',variables('vm2019BaseName'), copyIndex(1) )]"
        ],
        "properties": {
            "publisher": "Microsoft.Compute",
            "type": "CustomScriptExtension",
            "typeHandlerVersion": "1.10",
            "autoUpgradeMinorVersion": true,
            "settings": {
                "fileUris": [
                    "[concat('https://raw.githubusercontent.com/jjonesms/aaum/master/aaum/', 'Scripts/Enable-WindowsAndMSUpdates.ps1')]"
                ]
            },
            "protectedSettings": {
                "commandToExecute": "powershell -ExecutionPolicy Bypass -file Enable-WindowsAndMSUpdates.ps1"
            }
        },
        "copy": {
            "name": "scriptCopy",
            "count": "[parameters('vm2019Count')]"
        }
    }

    

    ],
    "outputs": {}
}