{
    "$schema": "https://schema.management.azure.com/schemas/2019-04-01/deploymentTemplate.json#",
    "contentVersion": "1.0.0.0",
    "parameters": {
        "adminUsername": {
            "type": "string",
            "defaultValue":"poc-win-user01"
        },
        "adminPassword": {
            "type": "securestring"
        },
        "vm2019Count": {
            "type": "int",
             "defaultValue": 1
        },
        "vmSize": {
            "type": "string",
            "defaultValue":"Standard_D2_v3"
        },
        "subnetName": {
            "type": "string",
            "defaultValue":"PoC-AAUM-VMS-Subnet01"
        },
        "vnetName": {
            "type": "string",
            "defaultValue" : "PoC-AAUM-Network"
        },
        "vnetRGName": {
            "type": "string",
            "defaultValue": "PoC-AAUM-Network-RG"
        },
        "deployTime": {
            "type": "string",
            "defaultValue":"[utcNow()]"
        }
    },
    "variables": {  
        "subnetRef": "[resourceId(parameters('vnetRGName'),'Microsoft.Network/virtualNetworks/subnets',parameters('vnetName'),parameters('subnetName'))]",
        "vm2019BaseName":"[concat('poc-win19-',substring(uniqueString(resourceGroup().id,parameters('deployTime')),1,3))]",
        "vm2019sku": "2019-Datacenter-smalldisk",
        "vm2019NicBase": "[concat(variables('vm2019BaseName'), 'nic')]"
    },
    "resources": [
        {
            "condition": "[greater(parameters('vm2019Count'),0)]",
            "name": "[concat(variables('vm2019NicBase'),copyIndex(1))]",
            "type": "Microsoft.Network/networkInterfaces",
            "apiVersion": "2019-07-01",
            "location": "[resourceGroup().location]",
            "properties": {
                "ipConfigurations": [
                    {
                        "name": "ipconfig1",
                        "properties": {
                            "subnet": {
                                "id": "[variables('subnetRef')]"
                            },
                            "privateIPAllocationMethod": "Dynamic"
                        }
                    }
                ]
            },
            "copy": {
                "name": "nicCopy",
                "count":"[parameters('vm2019Count')]"
            }
        },
        {
            "condition": "[greater(parameters('vm2019Count'),0)]",
            "name": "[concat(variables('vm2019BaseName'),copyIndex(1))]",
            "type": "Microsoft.Compute/virtualMachines",
            "apiVersion": "2019-07-01",
            "location": "[resourceGroup().location]",
            "dependsOn": [
                "[concat('Microsoft.Network/networkInterfaces/', variables('vm2019NicBase'), copyIndex(1))]"
            ],
               "tags": {
                
            },
            "properties": {
                "hardwareProfile": {
                    "vmSize": "[parameters('vmSize')]"
                },
                "storageProfile": {
                    "osDisk": {
                        "createOption": "fromImage",
                        "managedDisk": {
                            "storageAccountType": "Standard_LRS"
                        }
                    },

                    "imageReference": {
                        "publisher": "MicrosoftWindowsServer",
                        "offer": "WindowsServer",
                        "sku": "[variables('vm2019sku')]",
                        "version": "latest"
                    }
                },
                "networkProfile": {
                    "networkInterfaces": [
                        {
                            "id": "[resourceId('Microsoft.Network/networkInterfaces', concat(variables('vm2019NicBase'),copyIndex(1)))]"
                        }
                    ]
                },
                "osProfile": {
                    "computerName": "[concat(variables('vm2019BaseName'),copyIndex(1))]",
                    "adminUsername": "[parameters('adminUsername')]",
                    "adminPassword": "[parameters('adminPassword')]",
                    "windowsConfiguration": {
                        "provisionVmAgent": true,
                        "enableAutomaticUpdates": true
                    }
                }
            },
            "copy": {
                "name":"vmCopy",
                "count":"[parameters('vm2019Count')]"
            }
        },
      {
        "condition": "[greater(parameters('vm2019Count'),0)]",
        "name": "[concat(variables('vm2019BaseName'), copyIndex(1), '/', 'customScript1')]",
        "type": "Microsoft.Compute/virtualMachines/extensions",
        "apiVersion": "2019-07-01",
        "location": "[resourceGroup().location]",
        "tags": {
            "displayName": "customScript1 for Windows VM"
        },
        "dependsOn": [
            "[concat('Microsoft.Compute/virtualMachines/',variables('vm2019BaseName'), copyIndex(1) )]"
        ],
        "properties": {
            "publisher": "Microsoft.Compute",
            "type": "CustomScriptExtension",
            "typeHandlerVersion": "1.10",
            "autoUpgradeMinorVersion": true,
            "settings": {
                "fileUris": [
                    "[concat('https://raw.githubusercontent.com/jjonesms/aaum/master/aaum/', 'Scripts/Insall-WindowsAdminCenter.ps1')]"
                ]
            },
            "protectedSettings": {
                "commandToExecute": "powershell -ExecutionPolicy Bypass -file Insall-WindowsAdminCenter.ps1"
            }
        },
        "copy": {
            "name": "scriptCopy",
            "count": "[parameters('vm2019Count')]"
        }
    }

    

    ],
    "outputs": {}
}